episode,total_reward,steps,termination_reason,terminated,truncated,goal_x,goal_y,final_distance_to_goal,goal_reached,distance_reward_sum,current_change_penalty_sum,hardware_error_penalty_sum,tension_penalty_sum,safety_penalty_sum,max_current,safety_interventions,hardware_error,hardware_error_ids,safety_penalty_current_aware_scaling,safety_penalty_temperature_high,safety_penalty_temperature_critical,safety_penalty_voltage_low,safety_penalty_voltage_critical,safety_penalty_tension_safety,safety_penalty_opposing_motors,safety_penalty_tension_too_low,safety_penalty_high_horizontal_current,safety_penalty_high_vertical_current,safety_penalty_single_motor_over_current,safety_penalty_position_limit_pull,safety_penalty_position_limit_release,safety_penalty_motor_stuck
1,368.0846892739932,400,max_steps,False,True,-0.119,-0.528,0.12447770741313838,False,393.7831679318244,-3.189942916658765,0.0,-6.590400000000002,-15.918135741172591,642.0,185,False,,-0.15917271,0.0,0.0,-0.77331954,-0.18633172,-3.1615243,-0.832595,-7.998167,0.0,-0.2963099,0.0,0.0,0.0,-2.5107172
1,245.94633417333299,400,max_steps,False,True,-0.119,-0.528,0.09828793918543226,False,286.23967763377107,-3.2480571906562545,0.0,-14.292600000000002,-22.7526864016545,688.0,302,False,,-0.16522609,-2.381966,0.0,-4.178354,-0.32181644,-4.3645573,-0.4615143,-5.276819,0.0,-3.698975,-0.53020436,0.0,0.0,-1.373253
2,124.26089823590857,201,observation_failed,True,False,-0.119,-0.528,0.13658179298546558,False,143.9293335033827,-1.7737714750765008,0.0,-6.801599999999999,-11.093064758111723,693.0,120,False,,-0.004076227,0.0,0.0,-0.93816084,-0.31428984,-2.3422737,-0.43121994,-3.6204326,0.0,-2.3447754,-0.76773465,0.0,0.0,-0.33010125
3,32.41715860288415,76,observation_failed,True,False,-0.119,-0.528,0.22704098446132837,False,37.571316454027034,-0.4207428661065933,0.0,-1.2581999999999995,-3.4752151595894247,625.0,38,False,,0.0,0.0,0.0,-0.21029893,-0.22182007,-0.5567841,-0.2210773,-1.6807709,0.0,-0.27403516,0.0,0.0,0.0,-0.31042877
1,56.92408863413119,147,hardware_error,True,False,-0.119,-0.528,0.23691143530049127,False,71.6794014518232,-1.3736000318895094,-1.0,-4.1019000000000005,-8.27981288312003,680.0,78,True,18,0.0,0.0,0.0,-1.7423011,-0.78548026,-1.2932063,-0.27794725,-3.4851513,0.0,0.0,-0.18770654,0.0,0.0,-0.50802034
2,22.932037981517976,52,observation_failed,True,False,-0.119,-0.528,0.2534994451829125,False,25.541139901773164,-0.34182857838459313,0.0,-0.5450999999999999,-1.72217330429703,526.0,26,False,,-0.007829617,0.0,0.0,-0.14626585,0.0,-0.15157662,-0.05448136,-1.3309824,0.0,0.0,0.0,0.0,0.0,-0.031037485
3,71.91544481875238,181,hardware_error,True,False,-0.119,-0.528,0.26020761433268125,False,86.44442990883144,-1.4220571686164476,-1.0,-2.7843,-9.322627986448424,574.0,100,True,18,0.0,0.0,0.0,-2.0309818,-0.86356604,-1.144004,-0.23333769,-4.311675,0.0,-0.046693068,0.0,0.0,0.0,-0.6923704
4,164.48415183698003,400,max_steps,False,True,-0.119,-0.528,0.2404257387065158,False,191.5018479768156,-2.6002857579915144,0.0,-4.588799999999999,-19.828610626515,568.0,205,False,,-0.0076411995,0.0,0.0,-1.1669337,-0.07083732,-2.737304,-0.28018588,-13.117579,0.0,0.0,0.0,0.0,0.0,-2.448132
5,162.71535951247566,400,max_steps,False,True,-0.119,-0.528,0.25212873337930597,False,189.92970271493985,-2.801085767787299,0.0,-5.217300000000002,-19.19595702114748,594.0,210,False,,-0.0056608915,0.0,0.0,-0.37765998,-0.17920351,-2.0646849,-0.69759554,-12.557845,0.0,0.0,0.0,0.0,0.0,-3.3133054
6,149.80623088581947,400,max_steps,False,True,-0.119,-0.528,0.3077129526191382,False,177.59936020546948,-2.82760004355805,0.0,-4.4691,-20.496429476130288,550.0,218,False,,-0.17759773,0.0,0.0,-0.54752153,-0.10464956,-1.7571,-0.9538677,-14.64641,0.0,0.0,0.0,0.0,0.0,-2.3092797
7,124.65399345833039,400,max_steps,False,True,-0.119,-0.528,0.32859335237679194,False,156.30290652390678,-2.435657180612907,0.0,-4.478700000000001,-24.73455601456226,550.0,242,False,,-0.018005377,0.0,0.0,-0.48579574,0.0,-1.6368755,-0.41847456,-20.439144,-0.14169203,0.0,0.0,0.0,0.0,-1.5945692
8,111.5536488556814,400,max_steps,False,True,-0.119,-0.528,0.33585694682885886,False,145.08927696462385,-1.6916571724759706,0.0,-1.5179999999999993,-30.32597102987347,570.0,253,False,,-0.017146334,0.0,0.0,0.0,0.0,-0.44640407,-0.0335668,-28.933773,0.0,0.0,0.0,0.0,0.0,-0.89509094
9,115.70484419745215,400,max_steps,False,True,-0.119,-0.528,0.29890789359637476,False,150.4995629571233,-2.1089143142780813,0.0,-3.5415000000000005,-29.144304152345285,564.0,279,False,,-0.006374838,0.0,0.0,0.0,0.0,-1.0704523,-0.40133613,-25.816185,0.0,0.0,0.0,0.0,0.0,-1.8499583
10,136.5241374256684,400,max_steps,False,True,-0.119,-0.528,0.2618306769858509,False,166.9653322348295,-2.346971468476113,0.0,-2.6972999999999994,-25.396923181368038,553.0,244,False,,0.0,0.0,0.0,0.0,0.0,-1.2170142,-0.15625036,-22.587866,0.0,0.0,0.0,0.0,0.0,-1.4357929
11,132.2679395305272,400,max_steps,False,True,-0.119,-0.528,0.29255128375750955,False,167.79618656992716,-2.459085765054624,0.0,-5.338800000000001,-27.730361402616836,575.0,256,False,,-0.14438039,-0.13383068,0.0,0.0,0.0,-1.761571,-0.4330486,-22.844301,0.0,0.0,0.0,0.0,0.0,-2.4132318
12,144.41359269393283,400,max_steps,False,True,-0.119,-0.528,0.27816244937752915,False,174.00528786291756,-1.819200027410261,0.0,-2.0610000000000004,-25.71149492857512,543.0,248,False,,-0.007409091,0.0,0.0,0.0,0.0,-0.84484136,-0.46659687,-23.661894,0.0,0.0,0.0,0.0,0.0,-0.73074913
13,151.1689686756344,400,max_steps,False,True,-0.119,-0.528,0.2525485520198465,False,176.81823409459903,-1.285371451627725,0.0,-0.18540000000000004,-24.178493992612857,466.0,212,False,,0.0,0.0,0.0,0.0,0.0,-0.1526055,-0.07085426,-22.612179,0.0,0.0,0.0,-1.151308,0.0,-0.19154592
14,198.36142286760634,400,max_steps,False,True,-0.119,-0.528,0.18085622900941883,False,222.62629157447947,-1.8961143239284866,0.0,-2.2062,-20.162554735739832,514.0,235,False,,-0.004651232,0.0,0.0,0.0,0.0,-0.870555,-0.48315537,-12.309453,0.0,0.0,0.0,-5.5573406,0.0,-0.93739754
15,209.98135163732624,389,out_of_bounds,True,False,-0.119,-0.528,0.14705140298409464,False,237.3277919935938,-1.0837143067255965,0.0,-0.3309,-25.931825515814126,510.0,250,False,,0.0,0.0,0.0,0.0,0.0,-0.14674482,-0.055722907,-15.412706,0.0,0.0,0.0,-10.025036,0.0,-0.29161257
16,101.96184106126603,174,out_of_bounds,True,False,-0.119,-0.528,0.14980261534148792,False,111.03280827526572,-0.7062857277196599,0.0,-0.2811,-8.083581120532472,565.0,72,False,,-0.0025170252,0.0,0.0,0.0,0.0,-0.1985544,0.0,-7.597129,0.0,0.0,0.0,0.0,0.0,-0.28538087
17,14.138606005312504,30,hardware_error,True,False,-0.119,-0.528,0.16960133924052104,False,18.38826820329656,-0.24057142937090248,-1.0,-0.9981,-2.010990629903972,575.0,19,True,18,0.0,0.0,0.0,-0.23770939,0.0,-0.5124851,0.0,-0.6224607,0.0,-0.3769146,0.0,0.0,0.0,-0.26142085
